Domains	DR	Traffic	PriceUSD
besttarahi.com	69	95k	175.0909091
freelogopng.com	70	75k	165.2727273
bookvibe.com	71	62k	204.5454545
turbogeek.org	70	46k	227.4545455
webtosociety.com	64	45k	155.4545455
tomoson.com	70	43k	243.8181818
traveltweaks.com	68	42k	217.6363636
playmyworld.com	70	39k	198
feedbuzzard.com	70	36k	243.8181818
thriftyevents.net	56	32k	132.5454545
booksummaryclub.com	72	32k	145.6363636
bitclassic.org	50	31k	139.0909091
whatutalkingboutwillis.com	70	31k	227.4545455
eurogamersonline.com	60	30k	165.2727273
exposmall.com	59	27k	175.0909091
imagineergames.com	60	26k	145.6363636
amairaskincare.com.au	60	24k	145.6363636
redandwhitemagz.com	65	24k	165.2727273
premiumjoy.com	58	23k	155.4545455
arcyart.com	63	23k	217.6363636
decoratoradvice.com	72	22k	243.8181818
areapatch.com	60	22k	155.4545455
programgeeks.net	63	21k	139.0909091
articoolo.com	70	21k	175.0909091
mywirelesscoupons.com	66	21k	155.4545455
playbattlesquare.com	71	19k	220.9090909
betterthisworld.com	71	19k	243.8181818
pondershort.com	59	18k	145.6363636
anwire.org	62	18k	165.2727273
letsbuildup.org	63	18k	155.4545455
plicabig.com	50	18k	145.6363636
terabytelabs.net	61	18k	145.6363636
etruesports.com	69	17k	175.0909091
venky12.com	46	17k	86.72727273
allaxess.com	57	17k	165.2727273
majinoukari.com	51	16k	93.27272727
bouncemediagroup.com	67	16k	175.0909091
aliensync.com	69	16k	198
lyncconf.com	70	16k	243.8181818
theportablegamer.com	69	16k	198
misumiskincare.com	70	16k	129.2727273
thinkofgames.com	62	15k	175.0909091
wizzydigital.org	67	15k	165.2727273
bageltechnews.com	54	15k	139.0909091
socialbizmagazine.com	58	15k	165.2727273
entretech.org	57	15k	155.4545455
thunderonthegulf.com	64	15k	175.0909091
propagatenetworks.com	43	14k	119.4545455
innewstoday.net	66	14k	165.2727273
netcurtains.org	58	14k	129.2727273
myfavouriteplaces.org	58	14k	165.2727273
naturaplug.com	56	13k	155.4545455
crypticstreet.com	57	13k	155.4545455
voicesofconservation.org	60	13k	155.4545455
timeshealthmag.com	60	13k	119.4545455
hyperlogic.org	67	13k	139.0909091
cryptopronetwork.com	61	13k	139.0909091
goldengatemax.shop	58	12k	145.6363636
nobullswipe.com	45	12k	155.4545455
befitnatic.com	60	12k	145.6363636
bigboxratio.com	66	12k	198
severedbytes.net	60	11k	145.6363636
nixcoders.org	70	11k	165.2727273
disquantified.org	70	11k	139.0909091
songoftruth.org	56	11k	129.2727273
lookwhatmomfound.com	69	10k	198
evolvedgross.com	60	10k	139.0909091
myinternetaccess.net	56	10k	129.2727273
hearthstats.net	59	9k	175.0909091
cloudysocial.com	52	9k	129.2727273
coststatus.com	53	9k	129.2727273
techidemics.com	60	9k	165.2727273
avstarnews.com	57	9k	145.6363636
homerocketrealty.com	56	9k	132.5454545
improveville.com	48	9k	129.2727273
gamificationsummit.com	69	9k	198
annoncetravesti.com	55	8k	139.0909091
fangchanxiu.com	53	8k	93.27272727
shortengine.com	52	8k	139.0909091
famousparenting.com	71	8k	204.5454545
fintechasia.net	65	8k	165.2727273
revolvertech.com	64	8k	165.2727273
kdarchitects.net	65	8k	207.8181818
thesoundstour.com	63	8k	188.1818182
grossoptions.com	53	8k	165.2727273
latestsportsbuzz.com	50	8k	103.0909091
canyongross.com	55	8k	132.5454545
webbizmagnet.com	49	8k	103.0909091
etherions.com	68	8k	155.4545455
simplyseven.net	59	7k	139.0909091
ninjabytezone.com	44	7k	93.27272727
moneysideoflife.com	55	7k	198
mobilehomeexteriors.com	58	7k	132.5454545
debsllc.org	47	7k	122.7272727
21strongfoundation.org	55	7k	129.2727273
setupseeker.xyz	45	7k	155.4545455
digitalnewsalerts.com	58	7k	198
bruneiarchitecture.com	48	7k	76.90909091
saharahausa.com	66	7k	139.0909091
freeworlder.org	51	7k	145.6363636
thehometrotters.com	66	7k	184.9090909
modernbusinesslife.com	59	6k	129.2727273
bitnation-blog.com	60	6k	155.4545455
waptirick.com	44	6k	145.6363636
mobilecreative.org	53	6k	132.5454545
bottlecrunch.com	58	6k	139.0909091
mygreenbucks.net	69	6k	165.2727273
gamerunitynet.com	49	6k	93.27272727
digitalrgs.org	58	6k	139.0909091
futuretechgirls.com	55	6k	155.4545455
shopnaclo.com	60	6k	129.2727273
sportnewsplanet.com	50	6k	103.0909091
elitetechspark.com	45	6k	86.72727273
wavetechglobal.com	56	6k	145.6363636
outsidedomain.com	54	6k	76.90909091
healthsciencesforum.com	62	6k	243.8181818
thegamearchives.com	59	6k	198
pushyourdesign.com	49	6k	198
moneyaisle.com	49	6k	129.2727273
myprintile.com	55	5k	103.0909091
theplaycentre.org	63	5k	175.0909091
axiumtech.net	55	5k	119.4545455
everythingnew.net	53	5k	103.0909091
ck2generator.com	55	5k	119.4545455
rightnowpath.net	44	5k	139.0909091
blueflamepublishing.net	58	5k	145.6363636
essec-kpmg.net	47	5k	93.27272727
beaconsoft.net	66	5k	227.4545455
lotterygamedevelopers.com	51	5k	198
topicsolutions.net	60	5k	139.0909091
onthisveryspot.com	56	5k	165.2727273
cookiesforlove.com	60	5k	93.27272727
bestautoxperts.com	48	5k	93.27272727
redwebzine.org	50	5k	116.1818182
ssq727.com	53	5k	129.2727273
areatsunami.com	50	5k	139.0909091
ontpress.com	50	5k	119.4545455
fightingforfutures.org	47	5k	129.2727273
unfgaming.net	63	5k	165.2727273
movieda2023.com	49	5k	119.4545455
thewritetrackpodcast.com	54	5k	129.2727273
getwhocares.com	53	5k	103.0909091
electronmagazine.com	56	5k	139.0909091
projectrethink.org	51	5k	145.6363636
lapwinglabs.com	53	5k	132.5454545
redzonegross.com	51	5k	129.2727273
phonedeck.net	55	5k	129.2727273
masterrealtysolutions.com	52	5k	165.2727273
embedtree.com	64	5k	139.0909091
novelteagames.com	48	4k	93.27272727
emersonicon.com	52	4k	145.6363636
val9jamusic.com	49	4k	76.90909091
tamilkolli.com	56	4k	93.27272727
latesthealthtricks.com	53	4k	116.1818182
greenheal.net	64	4k	198
seattlesportsonline.com	58	4k	155.4545455
gatorgross.com	62	4k	145.6363636
liveamoment.org	50	4k	119.4545455
fzetmovies.com	49	4k	93.27272727
g15tools.com	63	4k	145.6363636
adventuretwo.net	58	4k	155.4545455
thechannelrace.org	52	4k	119.4545455
diyworld4life.com	54	4k	145.6363636
loga.mx	51	4k	198
txepc.org	55	4k	139.0909091
travellingapples.com	54	4k	119.4545455
thegameland.net	61	4k	119.4545455
gfxmaker.com	61	4k	175.0909091
greenscreensystems.com	46	4k	103.0909091
plutoscreen.com	42	4k	93.27272727
theboringmagazine.com	60	4k	175.0909091
robthecoins.com	59	4k	155.4545455
goodnever.com	52	4k	165.2727273
gamerflicks.com	58	3k	119.4545455
skillsclone.com	52	3k	103.0909091
luxuryinteriors.org	56	3k	122.7272727
proxicroxy.com	50	3k	119.4545455
techoelite.com	65	3k	155.4545455
virtualaia.com	47	3k	93.27272727
activepropertycare.com	59	3k	188.1818182
tamilyogiisaimini.com	51	3k	76.90909091
designmode24.com	60	3k	145.6363636
babesproduct.com	52	3k	145.6363636
usefulideas.net	60	3k	93.27272727
pulsecolon.com	48	3k	129.2727273
enginefirm.com	50	3k	116.1818182
housereal.net	56	3k	93.27272727
walkingasone.net	32	3k	93.27272727
plugboxlinux.org	48	3k	155.4545455
treeleftbigshop.com	51	3k	155.4545455
manpuku-shop.com	51	3k	93.27272727
snapsource.net	52	3k	119.4545455
that-bites.org	50	3k	86.72727273
aeonscope.net	50	3k	139.0909091
fabricconfirm.com	44	3k	86.72727273
startingblockonline.com	55	3k	119.4545455
bddqwy.com	47	3k	129.2727273
theweeklyspoon.com	49	3k	119.4545455
codemastersconnect.com	49	3k	93.27272727
jun88game.org	39	3k	139.0909091
thelaptopadviser.com	46	3k	129.2727273
thestripesblog.com	65	3k	155.4545455
kronosshort.com	51	3k	129.2727273
networkfinds.com	55	3k	119.4545455
defstartup.org	54	3k	129.2727273
socceragency.net	53	3k	145.6363636
eyexcon.com	63	3k	198
middleclasshomes.net	54	3k	129.2727273
xiangaijiaqi.com	51	3k	103.0909091
depotheap.com	44	3k	139.0909091
conversationswithrina.com	47	3k	145.6363636
simcookie.com	53	3k	165.2727273
techgroup21.com	60	3k	129.2727273
essentiallast.net	46	3k	76.90909091
analysistheme.com	56	3k	129.2727273
rotkgame.com	51	3k	165.2727273
lotsofpower.net	61	3k	139.0909091
theblockchainbrief.com	52	3k	119.4545455
dreamwithjeff.com	53	3k	145.6363636
thefinalmatrix.com	58	3k	145.6363636
thehealthyprimate.org	51	3k	139.0909091
skinsidescoop.net	61	3k	145.6363636
harmonicode.com	56	2k	165.2727273
dm-gaming.com	50	2k	145.6363636
grosstrainer.com	48	2k	93.27272727
thedesperateblogger.com	52	2k	129.2727273
termanchor.com	53	2k	129.2727273
mucicallydown.com	54	2k	103.0909091
sportsblitzzone.com	49	2k	93.27272727
okayperiod.com	55	2k	103.0909091
nothing2hide.net	57	2k	155.4545455
craigscottcapital.com	59	2k	139.0909091
interworldradio.net	57	2k	129.2727273
tomtechblog.com	53	2k	103.0909091
emergingtechs.net	49	2k	86.72727273
savingtheplants.com	51	2k	139.0909091
songwritingidiots.com	52	2k	76.90909091
gamingvoyage.com	46	2k	145.6363636
conversationswithtea.com	51	2k	76.90909091
abithelp.com	53	2k	165.2727273
quillorg.com	47	2k	93.27272727
alternativeway.net	53	2k	165.2727273
workatshein.net	50	2k	76.90909091
geekforcenetwork.com	50	2k	145.6363636
scannerpackage.com	40	2k	86.72727273
labradortime.com	50	2k	116.1818182
mygardenandpatio.com	53	2k	155.4545455
wealthybyte.com	61	2k	165.2727273
bodyholistic.net	44	2k	132.5454545
emberslasvegas.com	64	2k	129.2727273
thelowdownunder.com	52	2k	86.72727273
geekgadget.net	54	2k	129.2727273
springhillmedgroup.com	55	2k	175.0909091
bracegaming.com	52	2k	116.1818182
rainmakerless.com	54	2k	86.72727273
towersget.com	51	2k	93.27272727
thegossipwire.com	49	2k	93.27272727
keezy.co	62	2k	165.2727273
faspe.info	57	2k	129.2727273
daysaver.net	58	2k	119.4545455
sportsfanfare.com	63	2k	165.2727273
freewayget.com	54	2k	129.2727273
roninarea.com	51	2k	129.2727273
cryptocrowns.org	52	2k	86.72727273
lews-castle.com	42	2k	139.0909091
helpinus.net	49	2k	103.0909091
justalittlebite.com	52	2k	93.27272727
argentstate.com	55	2k	165.2727273
tvtter.com	43	2k	119.4545455
flyarchitecture.net	49	2k	116.1818182
livingpristine.com	44	2k	129.2727273
trychitter.com	53	2k	139.0909091
icaiorg.net	49	2k	93.27272727
grosswheel.com	52	2k	119.4545455
fameblogs.net	54	1k	145.6363636
mydecine.com	59	1k	145.6363636
themeshgame.com	52	1k	93.27272727
myzimbraserver.com	59	1k	93.27272727
formotorbikes.com	52	1k	145.6363636
iloveloveloveebay.com	51	1k	93.27272727
ramblingsofagamer.com	44	1k	86.72727273
silktest.org	48	1k	129.2727273
zerodevice.net	50	1k	93.27272727
stellaresidence.net	52	1k	76.90909091
riproar.com	70	1k	198
xannytech.net	49	1k	139.0909091
triadscreen.com	52	1k	145.6363636
grosseasy.com	46	1k	129.2727273
agendacover.com	52	1k	129.2727273
onedayform.com	53	1k	129.2727273
aheadicon.com	53	1k	145.6363636
3d496.com	55	1k	103.0909091
triumphgross.com	50	1k	139.0909091
somethingnewnow.net	58	1k	119.4545455
importantcool.com	53	1k	119.4545455
logicalshout.com	62	1k	175.0909091
iodaracing.com	59	1k	155.4545455
notinthekitchenanymore.com	52	1k	139.0909091
acrylicgross.com	52	1k	93.27272727
eliteathletearena.com	49	1k	93.27272727
boraliato.com	65	1k	139.0909091
thehake.com	62	1k	145.6363636
technolotal.org	44	1k	129.2727273
jerseyexpress.net	51	1k	139.0909091
tabletwritings.com	51	1k	86.72727273
enginesharing.com	52	1k	119.4545455
retroplaygroundzone.com	49	1k	139.0909091
bcgameapp.net	56	1k	93.27272727
lectfect.com	53	1k	132.5454545
dataspike.me	48	1k	129.2727273
50track.com	57	1k	139.0909091
protontheme.com	43	1k	119.4545455
sportscene360.com	45	1k	119.4545455
ramechanic.com	50	1k	93.27272727
randomgiant.net	48	1k	119.4545455
https://goodmenproject.com/	82	79	Confirm on whatsapp
https://www.thehypemagazine.com/	66	72	Confirm on whatsapp
http://www.techbullion.com	63	79	Confirm on whatsapp
https://nerdbot.com	50	60	Confirm on whatsapp
https://www.indiehackers.com/	55	80	Confirm on whatsapp
https://vocal.media/	72	80	Confirm on whatsapp
https://www.thehansindia.com/	78	77	Confirm on whatsapp
https://www.thisdaylive.com/	79	78	Confirm on whatsapp
http://bignewsnetwork.com/	67	76	Confirm on whatsapp
https://ocnjdaily.com/	48	65	Confirm on whatsapp
https://breakingac.com/	40	39	Confirm on whatsapp
https://seaislenews.com/	38	50	Confirm on whatsapp
https://northpennnow.com/	36	45	Confirm on whatsapp
https://onpattison.com/	27	28	Confirm on whatsapp
https://www.wvgazettemail.com/	73	76	Confirm on whatsapp
https://www.herald-dispatch.com/	71	74	Confirm on whatsapp
https://www.decaturdaily.com/	65	70	Confirm on whatsapp
https://www.timesdaily.com/	66	69	Confirm on whatsapp
https://www.portsmouth-dailytimes.com/	52	58	Confirm on whatsapp
https://www.williamsondailynews.com/	52	50	Confirm on whatsapp
https://www.londondaily.news/	57	65	Confirm on whatsapp
https://www.findatopdoc.com/	51	75	Confirm on whatsapp
http://resident.com/	48	66	Confirm on whatsapp
http://www.programminginsider.com	59	73	Confirm on whatsapp
http://www.urbansplatter.com/	46	65	Confirm on whatsapp
https://todaynews.co.uk/	42	53	Confirm on whatsapp
https://www.otsnews.co.uk/	42	53	Confirm on whatsapp
http://businessabc.net	61	71	Confirm on whatsapp
emirateprestige.com	43	48	Confirm on whatsapp
thearmoredpatrol.com	43	31	Confirm on whatsapp
radarro.com	38	41	Confirm on whatsapp
armstrongmywire.com	34	34	Confirm on whatsapp
store.outrightcrm.com	37	62	Confirm on whatsapp
tuttotek.it	42	56	Confirm on whatsapp
viverepesaro.it	40	41	Confirm on whatsapp
theclintoncourier.net	33	47	Confirm on whatsapp
telenicosia.it	33	31	Confirm on whatsapp
nordest24.it	58	50	Confirm on whatsapp
newtuscia.it	44	50	Confirm on whatsapp
palermoviva.it	34	37	Confirm on whatsapp
futuroprossimo.it	62	53	Confirm on whatsapp
opsmatters.com	30	51	Confirm on whatsapp
securitysenses.com	25	47	Confirm on whatsapp
systemsdigest.com	16	25	Confirm on whatsapp
financefeeds.com	52	74	Confirm on whatsapp
shmag.it	31	39	Confirm on whatsapp
recensioneitalia.it	35	37	Confirm on whatsapp
leaders-in-law.com	31	54	Confirm on whatsapp
lawbhoomi.com	34	53	Confirm on whatsapp
exploringthenorth.com	51	50	Confirm on whatsapp
tycoonstory.com	72	70	Confirm on whatsapp
medindia.net	74	73	Confirm on whatsapp
teamrelated.com	14	7	Confirm on whatsapp
seedsheets.com	72	55	Confirm on whatsapp
constrofacilitator.com	44	54	Confirm on whatsapp
thematuremag.com	41	22	Confirm on whatsapp
exposedmagazine.co.uk	48	55	Confirm on whatsapp
vehicleaccidentinjury.com	45	45	Confirm on whatsapp
https://rumbie.co/	79	63	Confirm on whatsapp
https://seedsheets.com/	70	55	Confirm on whatsapp
http://leelynlaw.com/	56	62	Confirm on whatsapp
Khoffmanlaw.com	42	45	Confirm on whatsapp
http://lanceandrewlaw.com/	43	58	Confirm on whatsapp
http://craigwatkinslaw.com/	42	51	Confirm on whatsapp
https://www.lawsuittalks.com/	37	52	Confirm on whatsapp
https://stripesblog.com/	20	71	Confirm on whatsapp
https://Thedatascientist.com	39	64	Confirm on whatsapp
https://dotimes.co.uk/	42	56	Confirm on whatsapp
http://medicaldaily.com	86	80	Confirm on whatsapp
https://mannacote.net/	42	54	Confirm on whatsapp
https://kevinfrancisdesign.com/	28	50	Confirm on whatsapp
http://lawyerscorner.com	22	38	Confirm on whatsapp
https://www.coalvalleynews.com	41	35	Confirm on whatsapp
https://techbombers.co.uk/	41	54	Confirm on whatsapp
https://fawanews.org.uk/	26	25	Confirm on whatsapp
https://muddyrivernews.com/	45	70	Confirm on whatsapp
https://Learningtoday.net	40	33	Confirm on whatsapp
https://www.notion4teachers.com/	27	47	Confirm on whatsapp
https://finextra.com/	78	83	Confirm on whatsapp
https://www.oswegocountynewsnow.com	50	53	Confirm on whatsapp
http://elightwave.co.uk	42	38	Confirm on whatsapp
theupcoming.co.uk	63	71	Confirm on whatsapp
https://eyeonannapolis.net/	51	62	Confirm on whatsapp
https://Topcelebrities.co.uk	41	60	Confirm on whatsapp
http://phillydaily.com	23	26	Confirm on whatsapp
https://indykaila.co.uk/	52	59	Confirm on whatsapp
https://thebreakingac.co.uk	43	59	Confirm on whatsapp
https://itwire.com/	73	76	Confirm on whatsapp
https://Nvtimes.co.uk	44	36	Confirm on whatsapp
https://Contentideators.com	43	40	Confirm on whatsapp
https://elevatenew.co.uk/	44	39	Confirm on whatsapp
socialnews.xyz	48	66	Confirm on whatsapp
https://therednews.co.uk/	41	20	Confirm on whatsapp
https://balzaromagazine.co.uk/	38	57	Confirm on whatsapp
https://northiowatoday.com/	43	39	Confirm on whatsapp
https://futuresbytes.co.uk/	42	44	Confirm on whatsapp
https://sixmagazine.co.uk/	44	57	Confirm on whatsapp
https://kidsworldfun.com	45	51	Confirm on whatsapp
https://mytunbridgewells.com/	25	37	Confirm on whatsapp
http://thesource.com/	83	76	Confirm on whatsapp
http://naludamagazine.com/	59	56	Confirm on whatsapp
http://attireclub.org/	43	37	Confirm on whatsapp
http://catwalkyourself.com	42	38	Confirm on whatsapp
http://lovehappensmag.com	37	58	Confirm on whatsapp
http://rcourihay.com	43	36	Confirm on whatsapp
http://computertechreviews.com	61	53	Confirm on whatsapp
https://officepoolstop.com/	32	45	Confirm on whatsapp
http://dontdiewondering.com/	58	42	Confirm on whatsapp
https://www.fluxmagazine.com/	49	53	Confirm on whatsapp
https://miamiweekly.com/	59	33	Confirm on whatsapp
https://newskarnataka.com/	48	56	Confirm on whatsapp
http://tbsnews.net	65	79	Confirm on whatsapp
http://powderrooms.co.uk	29	30	Confirm on whatsapp
https://muddyrivernews.com/	44	71	Confirm on whatsapp
https://newzimbabwe.com/	65	63	Confirm on whatsapp
https://theenterpriseworld.com/	39	72	Confirm on whatsapp
https://betterthisworld.com/	56	71	Confirm on whatsapp
https://tomoson.com/	52	70	Confirm on whatsapp
https://www.suffolknewsherald.com/	52	61	Confirm on whatsapp
https://www.amountainmomma.com/	54	47	Confirm on whatsapp
http://aaublog.com	32	25	Confirm on whatsapp
https://havokjournal.com/	45	53	Confirm on whatsapp
https://punjabnewsexpress.com/	50	54	Confirm on whatsapp
http://rcourihay.com	43	36	Confirm on whatsapp
http://sheenmagazine.com	45	70	Confirm on whatsapp
http://theyesgirls.com	49	51	Confirm on whatsapp
http://sociallifemagazine.com/	47	51	Confirm on whatsapp
http://nextluxury.com/	65	62	Confirm on whatsapp
http://therebelchick.com/	45	49	Confirm on whatsapp
http://todaysmagazine.co.uk	41	53	Confirm on whatsapp
https://bentsmagazine.co.uk/	40	71	Confirm on whatsapp
http://bizwell.co.uk	41	69	Confirm on whatsapp
https://manicotti.co/	40		Confirm on whatsapp
https://moranalytics.com/	24	32	Confirm on whatsapp
https://myliberla.com/	54	72	Confirm on whatsapp
https://thecrownwings.com/			Confirm on whatsapp
http://peacequarters.com	72	42	Confirm on whatsapp
http://yonkerstimes.com	42	55	Confirm on whatsapp
https://www.buddymagazine.org/	41	71	Confirm on whatsapp
https://ameisenhardt.com/	27	30	Confirm on whatsapp
https://altransit.com/	41	53	Confirm on whatsapp
https://indubaimall.ae/	30		Confirm on whatsapp
https://sundayguardianlive.com/	64	72	Confirm on whatsapp
https://www.newsx.com/	77	67	Confirm on whatsapp
https://addrom.com/	30	46	Confirm on whatsapp
https://www.tapscape.com/	50	20	Confirm on whatsapp
https://www.thepaintedhinge.com/	75	59	Confirm on whatsapp
https://www.cleomadison.com/	32	20	Confirm on whatsapp
https://americanspcc.org/	55	68	Confirm on whatsapp
https://www.techindeep.com/	55	27	Confirm on whatsapp
https://lawyer-monthly.com/	52	72	Confirm on whatsapp
https://thesalfordmagazine.com/	41	71	Confirm on whatsapp
https://www.iemrobotics.com/		81	Confirm on whatsapp
https://theoxfordblue.co.uk/	42	44	Confirm on whatsapp
https://newsatrack.co.uk/	26	40	Confirm on whatsapp
https://www.mlritmexams.com/		49	Confirm on whatsapp
https://mindmybusinessnyc.com/	55	50	Confirm on whatsapp
https://www.thatericalper.com/	59	60	Confirm on whatsapp
https://filmdaily.co/	62	71	Confirm on whatsapp
http://similespark.com	32	70	Confirm on whatsapp
https://zooplas.co.uk/	39		Confirm on whatsapp
https://preprimaryschools.com	55		Confirm on whatsapp
http://ancorathemes.com	41	90	Confirm on whatsapp
http://clickdo.co.uk	32	56	Confirm on whatsapp
https://tomoson.com/	52	70	Confirm on whatsapp
http://articoolo.com	41	68	Confirm on whatsapp
http://middleclasshomes.net		54	Confirm on whatsapp
http://fangchanxiu.com		54	Confirm on whatsapp
http://agendacoverlife.com		55	Confirm on whatsapp
http://twotostadas.net	42		Confirm on whatsapp
http://learnlaughspeak.com/	54	71	Confirm on whatsapp
https://www.thehypemagazine.com/	66	72	Confirm on whatsapp
https://cloudmagazine.co.uk	38	31	Confirm on whatsapp
http://theblockdfw.com/	39	33	Confirm on whatsapp
https://bishopwcmartin.com/	43	50	Confirm on whatsapp
https://eopis.co.uk/	40	42	Confirm on whatsapp
https://ameisenhardt.com/	25	32	Confirm on whatsapp
https://nativenewsonline.net/	66	72	Confirm on whatsapp
https://www.findarticles.com/	74	79	Confirm on whatsapp
http://activerain.com/	76	75	Confirm on whatsapp
https://www.suziethefoodie.com/	74	54	Confirm on whatsapp
https://www.rutlandherald.com/	62	71	Confirm on whatsapp
https://www.indianagazette.com/	59	62	Confirm on whatsapp
https://www.thedailynewsonline.com/	62	73	Confirm on whatsapp
https://www.timesargus.com/	70	71	Confirm on whatsapp
https://www.newsitem.com	50	48	Confirm on whatsapp
https://www.standard-journal.com/	48	47	Confirm on whatsapp
https://www.morning-times.com/	45	40	Confirm on whatsapp
https://www.leadertimes.com	31	61	Confirm on whatsapp
https://www.huntingdondailynews.com/	42	56	Confirm on whatsapp
https://www.thelcn.com/	51	53	Confirm on whatsapp
https://centurylink.net	48	58	Confirm on whatsapp
https://www.thepinnaclelist.com	59	57	Confirm on whatsapp
https://thearchitectsdiary.com/	41	67	Confirm on whatsapp
https://aijourn.com	50	77	Confirm on whatsapp
http://thealite.com/	44	50	Confirm on whatsapp
https://www.diseasefix.com/	65	19	Confirm on whatsapp