Domain	DA	Traffic	Region	Price	Overview	Category
re-thinkingthefuture.com	54	215.1K	California	130	Excellent Reputable	Architecture
illustrarch.com	22	26.5K	California	135	Very Good Healthy	Architecture
https://earthbuddies.net/	33	822	California	$75.50	Good Healthy	Ecology & Environment
https://usawire.com/	56	9.1K	-	$ 45.00	Very Good Healthy	Advertising & Marketing
miamilivingmagazine.com	35	14.4K	Virginia	300	Very Good Healthy	Advertising & Marketing
tomoson.com	51	8.2K	California	$312	Very Good Reputable	Advertising & Marketing
https://www.socialmediatoday.com/	84	106K	San Francisco	$850	Excellent Reputable	Advertising & Marketing
http://thecuriouslycreative.com	46	6K	North Carolina	$100	Good Healthy	Crafts
https://exploringthenorth.com/	51	10K	Arizona	$100	Good Healthy	Travel & Tourism
https://www.exploratoryglory.com/	18	4.9K	New York	$ 30.00	Good Reputable	Travel & Tourism
https://www.retireearlylifestyle.com/	42	2.5K	Virginia	108	Good Moderate	Travel & Tourism
https://cultmtl.com/	52	62.7K	Texas	$ 1,000.00	Good Healthy	Mass Media
Apnews.com	92	39.1M		$79	Industry leader Reputable	Mass Media
1883magazine.com	52	43K	California	80	Good Reputable	Mass Media
Laprogressive.com	66	12.1K	California	49	Good Reputable	Mass Media
Ventsmagazine.com	64	69.9K		$19	Good Reputable	Mass Media
Bignewsnetwork.com	66	45.8K	California	$40.79	Good Reputable	Mass Media
https://www.gigwise.com/	77	170K	California	$299.00	Good Healthy	Mass Media
https://kahawatungu.com/	49	26.6K	Arizona	$95	Good Reputable	Mass Media
thestripesblog.com	24	11K	California	$110	Good Healthy	Mass Media
theglobeandmail.com	92	4.3M	Ontario	$50	Very Good Reputable	Mass Media
https://ahouseinthehills.com/	54	3.5K	New Jersey	$196.00	Good Reputable	Mass Media
https://www.allmyfriendsaremodels.com/	38	4.8K	Virginia	$196.00	Good Reputable	Mass Media
http://www.prophecynewswatch.com/	46	10.4K	Florida	$62.50	Good Reputable	Mass Media
luxurylifestyle.com	32	4.1K	California	$95.00	Good Reputable	Mass Media
momooze.com	49	6K	California	$160.00	Good Reputable	Mass Media
http://urbansplatter.com/	46	55.3K	California	$50.00	Good Reputable	Mass Media
https://goodmenproject.com/	82	11.5K	California	$90	Good Reputable	Mass Media
https://fashionisers.com/	62	17K	Arizona	$150	Good Reputable	Mass Media
https://finance.yahoo.com/	93	521M	Virginia	$300	Industry Leader Reputable	Mass Media
https://www.harlemworldmagazine.com/	54	74.6K	Virginia	$140	Good Reputable	Mass Media
https://markets.businessinsider.com/	94	29.7M	Sweden	$260	Industry Leader Reputable	Mass Media
https://www.startmotionmedia.com	67	32.2K	Arizona	$80	Good Reputable	Mass Media
https://www.we-heart.com/	59	4.3K	California	$220	Good Healthy	Mass Media
https://beforeitsnews.com/	75	111K	California	$210	Good Reputable	Mass Media
https://researchsnipers.com/	74	8.7K	North Carolina	$180	Good Reputable	Mass Media
https://www.talkandroid.com/	76	13.5K	California	$210	Good Reputable	Mass Media
https://www.yahoo.com/	95	586M	Nebraska	$430	Industry Leader Reputable	Mass Media
https://www.washingtontimes.com/	88	363K	Virginia	$1,440	Very Good Reputable	Mass Media
http://www.techtimes.com	82	29.1K	Missouri	$990	Good Reputable	Mass Media
https://www.androidheadlines.com/	84	74.8K	California	$600	Good Reputable	Mass Media
https://thesource.com/	83	18K	Arizona	$770	Good Reputable	Mass Media
http://www.sciencetimes.com	64	4K	Missouri	$830	Good Reputable	Mass Media
https://bnonews.com/	68	24.7K	California	$160	Good Reputable	Mass Media
https://midhudsonnews.com/	59	55K	California	$492	Good Reputable	Mass Media
http://ourculturemag.com	59	70.5K	California	$260	Good Reputable	Mass Media
http://www.ilounge.com	82	26.5K	California	$200	Good Healthy	Consumer Electronics
https://vocal.media/	72	1M	California	$36.47	Excellent Reputable	Entertainment
avstarnews.com	54	16.9K	California	$100	Good Healthy	Entertainment
ultimatetango.com	23	8.3K	New York	500	Good Healthy	Entertainment
jerseyexpress.net	25	21K	California	$100	Good Reputable	Entertainment
https://www.thehypemagazine.com/	35	16.2K	Utah	300	Good Healthy	Entertainment
https://sosugary.com/	63	15.9K	Saxony	$80	Good Reputable	Entertainment
https://theactionelite.com/	53	90.6K	Jacksonville	$40	Good Reputable	Entertainment
nerdbot.com	50	35.8K	California	$30	Good Healthy	Entertainment
wealthybyte.com	54	9.1K	Michigan	$135	Good Reputable	Online Services
whatutalkingboutwillis.com	30	20.6K US/CAD	Washington	$220	Good Reputable	Online Services
https://somiibo.com/	29	2.7K	California	$121.00	Average Reputable	Online Services
https://newswatchtv.com/	48	408.9K	Missouri	$310.00	Good Reputable	Online Services
https://henof.com/	65	1.8K	California	$80	Average Healthy	Online Services
https://www.usatoday.com/	94	66.2M	Virginia	$490	Industry leader Healthy	Online Services
http://www.fundly.com	71	64.3K	California	$40	Good Reputable	Online Services
trans4mind.com	55	13.6K	MISSOURI	$30	Good Healthy	Online Services
hometownstation.com	64	31.4K	Virginia	250	Good Healthy	Newspapers
northiowatoday.com	42	3.6K	California	33	Average Healthy	Newspapers
granitegrok.com	55	1.4K	Texas	70	Average Healthy	Newspapers
theridgewoodblog.net	46	3.6K	Arizona	80	Average Healthy	Newspapers
freaktography.com	47	2K	Arizona	70	Average Healthy	Newspapers
https://www.herald-dispatch.com/	72	38.4K	New York	$130	Good Reputable	Newspapers
https://www.wvgazettemail.com/	73	88.2K	New Jersey	$130	Good Reputable	Newspapers
https://www.decaturdaily.com/	65	36.1K	New York	$130	Good Healthy	Newspapers
https://www.timesdaily.com/	66	118K	New York	$130	Good Reputable	Newspapers
https://dailyiowan.com/	72	28.3K	California	$240	Good Healthy	Newspapers
http://signalscv.com/	74	73.4K	California	$215	Good Healthy	Newspapers
https://breakingac.com/	41	17K	Virginia	$35	Good Healthy	Newspapers
http://www.ipsnews.net	83	14.7K	Alabama	$40	Good Healthy	Newspaper
https://seaislenews.com/	32	22K	California	$35	Good Healthy	Newspapers
https://www.portsmouth-dailytimes.com/	53	15.6K	Illinois	$130	Good Healthy	Newspapers
https://www.williamsondailynews.com/	52	3.3K	New York	$130	Average Reputable	Newspapers
https://northpennnow.com/	38	35.6K	California	$35	Good Reputable	Newspapers
https://greensboro.com/	77	81.5K	New York	$1,390	Good Healthy	Newspapers
https://vinnews.com/	48	111K	California	$371	Good Reputable	Newspapers
lakelandconnect.net	26	5.6K	Ontario	240	Average Healthy	Newspapers
https://amourvert.com/	52	34.5K	California	$170	Very Good Healthy	Apparel & Fashion
https://sammydvintage.com/	53	4.6K	California	$240	Good Healthy	Apparel & Fashion
shoebooties.com	17	7.1K	Georgia/Atlanta	$40	High traffic to backlink ratio Healthy	Retail
https://retail-insider.com/	55	63.6K	Quebec	$240	Very Good Reputable	Retail
Borkwoodblog.com	21	87.1K	North Carolina	$60.22	High traffic to backlink ratio Healthy	Retail
designmode24.com	29	8.5K	California	$170	Average Moderate	Retail
https://www.save.ca/	53	12.2K	New Jersey	$ 200.00	Good Healthy	Retail
mygardenandpatio.com	14	67.4K	Michigan	$ 150.00	Good Moderate	Retail
livingpristine.com	16	8.8K	Arizona	$ 110.00	Good Healthy	Retail
myinteriorpalace.com	28	8.2K	California	$ 180.00	Good Healthy	Retail
thebraggingmommy.com	36	8.3K	Utah	$100	Good Healthy	Retail
http://police-writers.com/	37	33.4K	Arizona	$34	Average Moderate	Government
https://durhampost.ca/	20	14K	Philadelphia	$200	Average Healthy	Government
thetraderchick.com	23	3.4K	District of Columbia	$127.50	Good Healthy	Distance Learning
worldwisetutoring.com	38	4.7K	California	$95.00	Good Healthy	Distance Learning
storytellershat.com	22	31.4K	Arizona	$31	High traffic to backlink ratio Healthy	Publishing
parkmagazineny.com	43	186K	Utah	$45	Very Good Healthy	Publishing
atmostfear-entertainment.com	35	3K	California	135	Average Healthy	Publishing
ottawalife.com	50	5.4K	Quebec	$250	Good Healthy	Publishing
https://www.justluxe.com/	73	32.9K	Michigan	$ 350.00	Good Moderate	Publishing
https://ocnjdaily.com	47	44K	San Francisco	$ 35.00	Good Moderate	Publishing
https://azbigmedia.com/	68	43.8K	Texas	$ 85.00	Veru Good Healthy	Publishing
https://www.elevatedmagazines.com/	24	1.7K	New York	$30	average Healthy	Publishing
http://resident.com/	49	61.8K	California	$120	Good Healthy	Publishing
https://impactwealth.org/	60	42.6K	California	$180	Good Healthy	Publishing
http://intelligenthq.com	50	28.1K	Saxony	$170	Good Healthy	Publishing
https://mashable.com/	93	15.8M	California	$470	Industry leader Healthy	Publishing
Hackerella.com	27	23.9K	Arizona	$28	High traffic to backlink ratio Moderate	Wellness
https://fabulousboobies.com/	20	3.6K	Atlanta	$ 45.00	Good Healthy	Wellness
https://anationofmoms.com/	68	3K	California	$ 70.00	Good Healthy	Wellness
orlaghclaire.com	25	11.6K	California	140	Good Reputable	Public Relations
lovelolablog.com	31	5.4K	California	$150	Good Healthy	Food & Beverages
https://www.japanesegreenteain.com/	35	8K	Ontario	235	Good Reputable	Food & Beverages
https://www.kellylynnssweetsandtreats.com/	30	2.3K	Utah	$95.00	Good Reputable	Food & Beverages
https://www.momknowsbest.net/	29	8.8K	Washington	$134.00	Good Reputable	Food & Beverages
ultimatecapper.com	33	6K	Utah	100	Good Reputable	Sports
coloradorunnermag.com	45	1.3K	Virginia	100	Good Reputable	Sports
etruesports.com	35	61.5K	California	180	Very Good Healthy	Sports
relevantcodes.com	29	2.1K	Arizona	$31	Very Good Reputable	Information Technology
https://www.mirrorreview.com/	65	47.4K	North Carolina	$ 95.00	Very Good Reputable	Information Technology
https://beginwithjava.com/	21	34.6K	North Carolina	$ 50.00	High traffic to backlink ratio Reputable	Information Technology
https://psbios.com/	38	174K	California	$ 40.00	High traffic to backlink ratio Moderate	Information Technology
Fitcoding.com	26	42.1K	Arizona	$42.95	High traffic to backlink ratio Healthy	Information Technology
https://www.technology.org/	62	86.6K	Saxony	$245.83	Very Good Healthy	Information Technology
theclintoncourier.net	30	5.8K	Texas	100	Good Healthy	Information Technology
https://www.bbntimes.com/	71	126K	California	$211.29	Very Good Healthy	Information Technology
Websauna.org	27	11.7K	Arizona	$45.11	Good Healthy	Information Technology
thebossmagazine.com	49	12.8K	Missouri	$150.00	Very Good Reputable	Information Technology
http://cybersecuritynews.com/	49	18.8K	California	$300.00	Very Good Reputable	Information Technology
https://itsupplychain.com/	39	7.3K	California	$140	Very Good Reputable	Information Technology
https://hackernoon.com/	88	195K	California	$570	Very Good Reputable	Information Technology
Techbullion.com/	66	110.5K		$25	Very Good Healthy	Computer Software & Development
customerservicemanager.com	46	4.7K	Ontario	$230	Good Reputable	Computer Software & Development
garyshood.com	38	2.1K	California	55	Average Reputable	Computer Software & Development
medigy.com	27	1.7K	Saxony	70	Average Healthy	Computer Software & Development
https://metapress.com/	77	29.2K	Oregon	$ 80.00	Good Reputable	Computer Software & Development
feedbuzzard.com	57	10.6K	California	$264	Good Healthy	Computer Software & Development
https://www.indiehackers.com/	55	38.9K Mixed	California	$100	Good Reputable	Computer Software & Development
http://www.programminginsider.com	58	247K	California	$30	Good Healthy	Computer Software & Development
familyfriendlygaming.com	42	3.1K	Missouri	180	Average Reputable	Computer & Video Games
https://lakelandconnect.net/	26	6K	Ontario	$250	Average Healthy	Newspaper
https://www.postandcourier.com/	81	450K	New York	$300.00	Very Good Moderate	Newspaper
https://londonincmagazine.ca/	33	1.8K	California	$100	Good Reputable	Nonprofit Organizations
elsalvadorinfo.net	41	2.4K	California	95	Good Healthy	Nonprofit Organizations
https://haligonia.ca/	37	6.1K	Quebec	$ 130.00	Good Healthy	Nonprofit Organizations
everydaytourist.ca	35	9.1K	New York	$160	Good Healthy	Nonprofit Organizations
https://greenbuildingcanada.ca/	31	12.7K	Michigan	350	Very Good Healthy	Construction & Maintenance
finehomesandliving.com	42	13.3K	New York	150	Very Good Healthy	Construction & Maintenance
decoratoradvice.com	52	39.8K	California	$250	Very Good Healthy	Construction & Maintenance
pushyourdesign.com	25	6.5K	California	$276	Very Good Healthy	Construction & Maintenance
https://www.build-review.com/	37	8.4K	California	$180	Very Good Reputable	Construction & Maintenance
Cytocom.com	23	1.9K	Arizona	$50.00	High traffic to backlink ratio Reputable	Finance
grantford.org	26	2K	Virginia	$134.00	Good Healthy	Finance
https://www.benzinga.com/	88	1.8M	California	$120	Excellent Reputable	Finance
http://thetradable.com	63	210.9K	Netherland	$150	Very Good Reputable	Finance
https://www.investing.com/	91	167M	California	$400	Industry leader Reputable	Finance
https://markets.financialcontent.com/	66	754K	New York	$130	Excellent Healthy	Finance
https://www.streetinsider.com/	83	58.7K	California	$80	Very Good Reputable	Finance
http://www.barchart.com/	62	3.2M	Virginia	$110	Very Good Healthy	Finance
https://kreafolk.com/	37	296k	Ontario	$115.00	Very Good Healthy	Design
stageandcinema.com	44	6.8K	Arizona	100	Good Reputable	Performing Arts
kidzfeed.com	25	1.3K	Virginia	115	Average Healthy	Museums
lawyersinventory.com	23	4.9K	New York	100	Average Healthy	Legal
http://wilddiscs.com	12	148K	California	$65.00	High traffic to backlink ratio Healthy	Sporting Goods
goodordering.com	38	6.9K	Ontario	170	Good Healthy	Sporting Goods
https://findthehomepros.com/	27	3.4K	New Jersey	$50	Good Healthy	Real Estate
thepinnaclelist.com	60	7.5K	California	50	Very Good Healthy	Real Estate
bostonapartments.com	40	2.6K	New York	100	Good Healthy	Real Estate
https://www.kennarealestate.com/	45	8K	-	100	Good Reputable	Real Estate
conversationswithbianca.com	32	13.1K	Michigan	$135	Good Healthy	Music
https://eartothegroundmusic.co	31	1.5K	Florida	95	Good Reputable	Music
https://www.pumpitupmagazine.com/	58	3.1K	North Carolina	271	Good Reputable	Music
http://thatdrop.com	41	1.1K	Arizona	95	Good Reputable	Music
https://bigcartel.com/	90	492K	California	$70	Industry leader Healthy	Music
femfounder.co	37	1.3K	New York	150	Good Moderate	Transportation & Logistics
Wicz.com	79	16.9K	Virginia	$23	Good Healthy	Market Research
https://www.myentertainmentworld.ca/	51	3.6K	Virginia	$ 380.00	Good Reputable	Enterteinment
https://thenewsgod.com/	61	12.6K	Ohio	$115	Good Healthy	Adult
fineartshippers.com	35	10.9K	Utah	$85	Very Good Healthy	Visual Art
outdoorproject.com	59	74.7K	California	21	Very Good Suspicious	Travel and Tourism
nyweekly.com	59	7K		69	Good Suspicious	Mass Media
itsreleased.co.uk	53	27.6K	Arizona	$23	Good Suspicious	Uncategorized
Venisonmagazine.com	29	56	Arizona	$40	High traffic to backlink ratio Reputable	Visual Art
copyenglish.com	49	13.8K	California	$21	Good Suspicious	Uncategorized
bigboxratio.com	22	6.5K	California	$ 210.00	Good Moderate	Uncategorized
https://myflashyhome.com/	30	2.6K	California	$ 50.00	Average Dangerous	Uncategorized
https://lapwinglabs.com/	36	12.1K	California	$70	Good Moderate	Uncategorized
activepropertycare.com	30	5.9K	California	$90	Average Moderate	Uncategorized
infomercial-reviews.org	26	4.3K	California	$60	Average Suspicious	Uncategorized
middleclasshomes.net	25	10.8K	California	$125	Average Suspicious	Uncategorized
transmartproject.org	24	2.3K	California	$60	Good Moderate	Uncategorized
kdarchitects.net	27	4.6K	California	$130	Good Moderate	Uncategorized
usefulideas.net	30	7K	California	$85	High traffic to backlink ratio Moderate	Uncategorized
baddiehub.wiki	56	1	California	$21	Fabricated domain Suspicious	Uncategorized
starbeliefs.com	49	3K	California	$21	Good Suspicious	Uncategorized
celebhunk.com	64	1.2K	California	21	Average Suspicious	Uncategorized
Gossips.blog/	52	5.4K	California	$19	Good Dangerous	Uncategorized
Fibahub.net/	52	4.8K	New Jersey	$19	Average Dangerous	Uncategorized
Crispme.com/	44	14.9K		$37	Good Dangerous	Uncategorized
Disruptmagazine.com	73	2.8K	California	46	Good Reputable	Mass Media
Digitalnewsalerts.org/	36	2.9K	California	$19	Average Suspicious	Uncategorized
decoratoradvice.com	52	16.8K	California	$170	Very Good Dangerous	Construction & Maintenance
Urbansplatter.com	60	21.2K	California	$26		
Internalinsider.com/	53	140	California	$19		
englishlush.com	70	5.1K ID	California	21		
baseballes.com	48	954	California	$21		
celebblink.com	67	976	California	21		
knowillegal.com	51	531	California	$21		
gearfixup.com	70	147	California	21		
toptechsinfo.com	69	1.6K IN	California	21		
bioviki.com	62	3K India	California	21		
Mystorieslist.com/	52	565	California	$19		
How2invest.com.mx/	37	2.9K		$23		
Ziplinq.com/	28	3.1K		$28		
25pr.com/	29	1.5K		$28		
Mytreatmentcapital.com/	32	1.7K		$21		
Vyvymangaa.us/	36	8.5K		$19		
Creativereleased.com/	37	24.2K India		$19		
Bloggershub.org/	15	21.6K		$30		
Norvasen.com/	28	31.6K		$23		
Intrepidfood.blog/	36	10.3K	France	$19		
Logicsvalley.com/	35	31.2K VN		$21		
Websauna.org/	24	509		$26		
Vamonde.com/	39	904		$33		
Fizara.com/	26	50.8K		$30		
Moralstory.org/		29		$21		
Kongotech.org/		66.1K India		$23		
Runpost.com.in/		7.8K India		$23		
Techsslaash.com		198 UK		$23		
Technicalmagzine.com/		361		$19		
Trendbrizz.com/		818		$21		
Magic-city-news.com/		41 Spain		$30		
Thebroadtrade.com/		606 BS		$21		
Topclasstrading.com/		14.6K India		$23		
Businessmajority.com/		0		$21		
Thenewordermagazine.com/		253		$19		
Zobuz.com/		0		$26		
Abcmagazine.org/		3		$21		
Thetechnotricks.co//		104.3K India		$21		
Stephilareine.com/		30		$23		
Techmagazines.net/		51		$30		
Tanzohub.today/		0		$19		
Chancerne.net/		0		$19		
Abusinessventure.com/		0		$26		
Baddiehub.pro/		1.4K UK		$23		
Techbetime.com/		2.6K India		$21		
Technorozen.org/		4.4K India		$21		
Digitoont.com/		0		$19		
Luvtrise.net/		0		$21		
Technewztop.pro/		0		$19		
Myskyic.com/		315		$21		
Fashiontimes.ltd/		322		$19		
theblogoti.com/		0		$21		
Nextweblog.com/		24		$19		
TribuneTribune.com/	37	3.4K		$19		
webofbuzz.com/	37	4.9K		$19		
Aoomaal.org/	37	2.2K		$19		
DiscoverTribune.org/	37	11.6K		$19		
TribuneBreaking.com/	37	1.4K		$19		
EssentialTribune.com/	37	5K		$19		
Tribunexpress.com/		14 SE		$19		
Theclockend.com/	25	8.5K		$23		
Thisismytribe.org/	22	1.6K		$21		
Headlines.llc/	1	21.1K		$19		
Chicagoheading.com/	37	10.6K		$19		
Hintinsider.com/	37	2.4K		$19		
Cavegreen.us/	14	26.9K		$23		
Discovertribune.org/	37	11.6K		$19		
Blogstorms.com/		0		$21		
Bicimag.com/		65		$26		
Mimech.com/		0		$26		
Iconhot.com/		5.4K DE		$26		
Baddiehub.blog/		367 AU		$19		
Ventsfashion.com/		1.6K		$19		
Maccablog.com/	29			$26		
Magazineunion.com/	31			$26		
Truepeoplesearch.blog/	37			$19		
weeklyfanzine.com/	39			$23		
Discovercraze.com/	38			$19		
Ventsfanzine.com/	51	0		$28		
Weekmagzine.com/	21			$23		
Newsbreakblog.com/	37			$19		
Vlineperol.org/	36			$19		
blooket-join.com/	37			$21		
Baddiehub.ca/	53	0		$19		
Cookape.com.in/	66	0		$23		
Blogangle.org/	37			$23		
Alevemente.org/	37			$19		
Techinshorts.com/	53	0		$19		
Geeksaroundworld.com/	50	0		$19		
Usatimemagazine.com/	37			$21		
Itsreleased.com/	21			$33		
interestingfacts.org/	71	83		$23		
Trendingcelebritys.com/	36			$23		
Mobilesinbd.com/	13			$33		
Sociallbios.com/	4			$21		
Washingtongreek.com/	37			$19		
Worthexplainer.com/	19			$21		
Forbesradar.com/	38			$23		
						
Duzzbuzz.com/	12			$19		
Lifemagazineusa.com/	52	27		$28		
Skelabs.com/	52	0		$28		
BuzzTum.com/	60	0		$28		
Techsslash.com/	64	0		$23		
Forbesblog.org/	54	0		$28		
Technewztop.org/	66	0		$21		
Businesstomark.com/	64	17		$28		
Mysignup.biz/	6			$21		
Ventspeak.com/	18			$19		
Elitesmindset.com/	48			$19		
Piticstyle.com/	53	0		$19		
Cruciais.com/	7			$19		
Milialar.org/	35			$19		
Rusticotv.org/	37			$19		
						
Businesshintsmagazine.com/	15			$19		
possiblyethereal.com/	21			$21		
Zeelase.com/	54	0		$19		
zaneym.org/	58	0		$19		
Evokingminds.com/	54	0		$21		
Mazingus.com/	54	0		$21		
						
Currishine.com/	36			$19		
techintag.com/	19			$19		
Buzzfeed.blog/	54	18		$21		
Glamourtribune.com/	56	5		$21		
Antribune.com/	52	0		$21		
Blogging.ltd/	51	0		$21		
Magazinematter.com/	51	0		$21		
Reader.llc/	1			$21		
Techtimes.blog/	54	0		$21		
Byteclipse.com/	35			$21		
Soymamicoco.com/	56	596		$19		
Techdentro.com/	18			$21		
Mindsetterz.com/	54	0		$23		
Techinfobusiness.com/	57	0		$21		
Ventsblog.org/	52	0		$21		
Discoverheadline.com/	52	21		$23		
Techdailytimes.com/	47			$23		
Healthke.com/	41			$23		
Ventsmagazine.blog/	54	30		$23		
Onlinedemand.net/	52	11		$18		
Vyvymangas.com/	52	0		$28		
Technologywolf.net	56	0		$21		
Ibommablog.com/	62	0		$19		
Theinscribermag.com/	54	6.6K India		$16		
Buzz.llc/	1			$23		
Manometcurrent.com/	39			$30		
Thetechnotricks.net/	59	861 India		$21		
Worldtimes.ltd/	52	0		$23		
Discovertribune.com/	51	44		$23		
Timebusinessnews.com	64	219		$16		
Activeblog.org/	51	0		$19		
						
Techaibard.com/	54	0		$23		
Stylener.com/	54	0		$19		
Cnbreaking.com/	52	0		$19		
Thedailystocks.com/	51	0		$19		
Thepostpoint.com/	52	0		$21		
Forbesport.com/	49	0		$21		
Actorwish.com/	49	0		$19		
Amirarticles.com/	62	0		$21		
Bigwirenews.com/	55	0		$19		
Calibermag.net/	21			$28		
Classicaltodaynews.com/	55	0		$21		
Drcric.com/	58	0		$21		
						
Rideable.org/	23			$28		
Sekho.in/	70	91 India		$21		
Shayarilover.org/	51	2.3K india		$21		
Srune.com/	26			$28		
Technewztop.info/	57	44		$19		
Theliveschedule.com/	55	440 India		$21		
						
Vigitox.org/	21			$28		
Takesapp.com/	58	0		$20		
Veganovtrichy.com/	36			$23		
thehometrotters. com	23			$220		
drhomey.com	25			$220		
livingpristine.com	19			$120		
pushyourdesign.com	23			$150		
thededicatedhouse.com	33			$70		
betterdecoratingbible.com	44			$120		
activepropertycare.com	30			$150		
https://findthehomepros.com/	27			$100		
Laweekly.co.uk		7.2K India		35		
Nyweekly.co.uk		5K AU		32		
Publicistpaper.com		0		$21		
Stylevanity.com		188 PH		44		
Todaynews.co.uk		14K UK		49		
Otsnews.co.uk		30K UK		44		
wheelwale.com		2.4K India		$18		
thenoobgamerz.com		0		$18		
tchtrends.com		206		$18		
volleyballblaze.com		110		$18		
abpoetry.com		833 PK		$18		
bytevarsity.com		1 PK		$18		
englishsunglish.com		10 IN		$18		
stonesmentor.com		263 AU		$18		
techlivo.com		140 PK		$18		
celebhatelove.com		85 KR		$18		
asenquavc.com		0		$18		
husbandinfo.com		1		18		
Techfocuspro.com	20	18.6K		26		
venisonmagazine.com	48	94.5K		69		
legendlifes.com	12	7.1K		$21		
everypetnames.com	40	5.1K		$21		
mummyname.net	31	8.4K		$21		
thebriefmagazine.com	25	2.7K		$21		
atozpoetry.com		3.6K IN		21		
kenyasihami.com		1		18		
quotesology.com		131 NG		$18		
startechbd.org		25.2K BG		21		
arcenturf.com		8.8K MA		$21		
organicblog.co.uk		36 IN		21		
mrcaptions.net		496 IN		21		
usatopicnews.com		0		21		
knowledgemandi.com		9.7K IN		21		
viralmagazine.co.uk		126		$21		
inshotspot.com		2.1K IN		$21		
gcashworld.com		4.4K PH		$21		
atsiritekno.com		0		$21		
pickleballopinion.com		116		$21		
celebritiezclub.com		3.6K IN		$21		
mostlytrend.com		6		$21		
sparktime.co.uk		286		$21		
techyjunction.co.uk		0		$21		
usabignetwork.com		378 CAD		21		
networthera.com		0		$21		
technicalmagzine.com		0		$21		
articlebullion.com		545		21		
Legendarynetworth.com		113		35		
Joinworld2.com		83		32		
Networthaudit.com		370		29		
Mediasprints.com		0		$44		
Strivecreatives.com		0		29		
Adilifestyle.com		0		26		
Sportstakedown.com		0		23		
Richlifeinsiders.com		0		23		
Exchangetime24.com		0		23		
Makeovera.com		64		23		
Iptvbo.com		0		23		
https://debsllc.org/		18K UK		100$		
https://mybeautifuladventures.com/		658		50$		
https://luxuryinteriors.org/	14	16.5K	California	140$		
https://attireclub.org/	43	14.7K	Georgia	200$		
lock-7.com		306		$90		
homerocketrealty.com		589		$78		
official-city.com		42 DE		$78		
importantcool.com		2.7K UK		$90		
lovinglifeandlivingonless.com		0		$126		
theweeklyspoon.com		386		$114		
myinteriorpalace.com		986		$174		
bigboxratio.com		130		$210		
homeandmommyblog.com		1.7K UK		$114		
telugupalakkad.com		549		$150		
towersget.com		953		$138		
milestonearea.com		943 AU		$168		
flyarchitecture.net	19	4.3K	California	$84		
mobilehomeexteriors.com	12	19.6K	California	$66		
mygardenandpatio.com	12	5K	Michigan	$138		
masterrealtysolutions.com	10	7.9K Canada	California	$162		
livingpristine.com	12	10K	Arizona	$102		
luxuryinteriors.org	14	16.5K	California	$114		
goodnever.com	12	8.5K	California	$126		
treeleftbigshop.com	13	4.9K	California	$162		
skillsclonelife.com	11	2.9K Canada	California	$150		
ownersicon.com	8	3.2K canada	California	$186		
sourcednextdoor.com	13	5.8K Canada	California	$156		
allaroundthe-house.com	1	2.2K Canada	California	$90		
refurbishhq.com	2	2.1K	California	$174		
hayaudio.com	8	4.3K Canada	California	$174		
agendacoverlife.com	5	2.5K Canada	California	$114		
artsusshop.com	5	4.4K Canada	California	$138		
desimasahub.com	5	1.6K Canada	California	$168		
nobullswipe.com	5	2.8K	California	$162		
apartamentoscholloapartamentos.com	1	2.4K Canada	California	$150		
votrobvotrob.com	9	4.6K Canada	California	$90		
applianceicon.com	2	2.5K Canada	California	$90		
revampabode.com	3	3.5K Canada	California	$108		
kalyanmatkachart.com	5	1.5K canada	California	$102		
						
https://anationofmoms.com/	68	6.1K	California	$30		
thededicatedhouse.com	35	1.6K	Utah	$60		
https://decoratoradvice.com/	52	20.7K	California	$180		
disquantified.org	50	9.2K	California	$100		
http://thehometrotters.com	24	25.5K	California	$135		
famousparenting.com	29	26K	Michigan	$200		
https://lapwinglabs.com/	36	12.1K	California	$70		
https://pushyourdesign.com/	23	7.9K	California	$200		
https://findthehomepros.com/pro-tips/	27	6K	New Jersey	$50		
https://retail-insider.com/	55	66.5K Canada	Quebec	$240		
https://kahawatungu.com/	49	19.7K	Arizona	$130		
https://socialbizmagazine.com/	26	6.1K	California	$130		
						
lookwhatmomfound.com	66	43.6K	Illinois	$180		
whatutalkingboutwillis.com	30	20.6K US/CAD	Washington	$220		
betterthisworld.com	56	18K	California	$200		
infomercial-reviews.org	26	4.3K	California	$60		
thestripesblog.com	24	1.9K	California	$110		
rapidhomedirect.com	22	6.4K	California	$130		
avstarnews.com	54	16.9K	California	$100		
activepropertycare.com	30	5.9K	California	$90	Uncategorized	
kdarchitects.net	27	4.6K	California	$130		
jerseyexpress.net	25	21K	California	$100		
designmode24.com	29	3.2K	California	$170		
middleclasshomes.net	25	10.8K	California	$125		
drhomey.com	25	5K	California	$160		
transmartproject.org	24	2.3K	California	$60		
fameblogs.net	42	8K Canada	California	$85		
home-hearted.com	24	7K	California	$85		
famousparenting.com	29	26K	Michigan	$200		
conversationswithbianca.com	32	13.1K	Michigan	$135		
wealthybyte.com	54	6.5K	Michigan	$135		
pushyourdesign.com	23	7.9K	California	$200		
usefulideas.net	30	7K	California	$85		
						
						
						
https://oskateboard.com						
						
https://D8Website.com/						
https://ArcadeBlogs.com/						
https://UBG247.blog/						
https://OglyBuzz.com/						
https://TheBeautyNewz.com/						
https://FreshTodayMagazine.com/						
https://UsaTrendNews.com/						
https://JJtoBuzz.com/						
https://Barkgbuddie.com/						
https://VexraStory.com/						
https://BitcoinupNews.com/						
https://internet-chicks.org/						
						
https://Updates4Newz.com/						
https://Techplantup.com/						
						
https://TheupdatesNews.com/						
						
https://SpecialUsaNews.com/						
https://NewsbreakAlerts.com/						
						
						
https://indoorinsider.com/						
https://VentsDiscover.com/						
https://VentsMagazinepro.com/						
https://UniqueHeadline.com/						
						
https://VentsMaster.com/						
https://VentstimesNews.com/						
						
						
						
https://BuzzLush.com/						
https://hd4hub.net/						
https://BlogzinMagazine.com/						
						
https://speedy-short.blog/						
https://felifayer.blog/						
https://USAbuzzing.com/						
						
https://insightoria.com/						
https://www.dgmnewscom.com/						
https://www.adn-237.com/						
https://www.phmhaven.com/						
						
https://MSNmag.com/						
https://BlogDrift.com/						
https://www.antarvacna.com/						
						
https://BusinessFanzine.com/						
						
https://Quirked.de/						
https://Blogverseit.com/						
https://Epicblogz.com/						
https://insightsmagazines.com/						
https://technologywire.net/						
https://www.techmagazines.net/						
http://usamagazine.net/						
https://europeanmagazine.net						
https://thewiremagazine.com/						
https://asiaposts.com/						
http://amazingviralnews.com/						
						
						
						
						
						
https://gossips.blog/						
https://newsbreakblog.com/						
https://headlines.llc/						
https://chicagoheading.com/						
https://mystorieslist.com/						
https://nextweblog.com/						
https://tribunetribune.com/						
https://ventsfashion.com/						
https://efashiontrend.net/						
https://webofbuzz.com/						
https://aoomaal.org/						
https://www.qiuzziz.blog/						
https://tribuneindian.com/						
https://discovertribune.org/						
https://fashiontimes.ltd/						
						
https://tribunebreaking.com/						
https://ventsbreaking.com/						
https://greekfashion.online/						
						
https://ventstribune.com/						
https://hints.ltd/						
https://hintinsider.com/						
https://www.essentialtribune.com/						
						
https://timesradar.com/						
https://nycitypaper.com/						
https://internalinsider.com/						
https://stylecarter.com/						
https://timesanalysis.com/						
https://franciscotribune.com/						
https://vyvymanga.blog/						
https://glamouruer.com/						
https://www.buzzslash.com/						
https://techappi.com/						
https://ssense.blog/						
						
						
https://zofianasierowska.com/						
https://easybib.blog/						
https://tribunexpress.com/						
https://aiyifan.us/						
https://spicyrranny.org/						
						
https://buzzreleased.com/						
https://www.verifiedzine.com/						
https://ventsbuzz.com/						
						
						
						
http://glamourheadline.com/						
						
https://techsky.co.uk/						
https://galenmetzger1.com/						
https://the-news.com.pk/						
https://techtrand.com/						
https://forbesindo.com/						
https://supperpost.com/						
https://www.cofeemanga.org/						
https://rusticotv.blog/						
https://bangkoktribune.com/						
https://hiphophiphop.org/						
https://www.dsnews.us/						
https://GlamourCrunch.com/						
https://www.webofblog.com/						
https://heraldspost.com/						
https://maginsight.net/						
https://evolvefeed.com/						
https://quicknewsbites.net/						
https://techpromagazine.com/						
https://wellknownfigure.com/						
https://forbeszine.com/						
https://glamourtomorrow.com/						
https://buzztelecast.com/						
https://nyheading.com/						
https://tamasha.blog/						
https://www.sort.llc/						
https://viprow.uk/						
https://nextforbes.com/						
https://washingtongreek.co.uk/						
https://washingtonglamour.com/						
https://buzzdiscover.co.uk/						
https://greekbuzz.co.uk/						
https://germanytribune.com/						
https://newslettertribune.com/						
https://theunitedstate.us/						
https://entercools.com/						
https://growninsider.com/						
https://ny-tribune.com/						
https://vvyvymanga.co.uk/						
https://www.themail.blog/						
https://alevemente.uk/						
https://mamgatoto.org/						
https://cavazaque.org/						
https://xcvpanel.us/						
https://huffpost.blog/						
https://tribuneus.com/						
https://vy6ys.org/						
https://fashionpaper.co.uk/						
https://fashionbirthday.com/						
https://thefashionstar.us/						
https://contacthelp.co.uk/						
https://latimes.blog/						
https://geekzillaradio.com/						
https://goadsonnyt.com/						
https://discovernew.info/						
https://usatechmagazine.com/						
https://www.newsjotechgeeks.org/						
https://latestfeedbuzzard.com/						
https://usatimemagazinepro.com/						
https://techfullwork.com/						
https://zynrewards.co.uk/						
https://allfindup.co.uk/						
https://digiblogs.org/						
https://toonily.co.uk/						
https://techbuff.us/						
https://diamondfairybunny.org/						
https://fastmagazinepro.org/						
https://francandelera.co.uk/						
https://businessupnews.com/						
https://supertechcity.co.uk/						
https://arfraierqfazdetdo.co/						
https://francandelera.org/						
https://www.come.llc/						
https://mopsul.org/						
https://www.edivawer.com/						
https://www.sowix.org/						
https://www.hamrosolarllc.com/						
https://www.blackboarduct.com/						
https://USAfastMagazine.com/						
https://USAupMagazine.com/						
Borkwoodblog.com	24	114K	Amsterdam	$40	High traffic to backlink ratio Healthy	Retail
http://thegloworm.com/	10	13.4K	Georgia/Atlanta	$40	Fine Suspicious	Retail
http://hunkwhiz.com/	33	20.5K	North Carolina	$40	Light signs of spam	Uncategorized
http://copperchips.com/	36	29.1K IN	North Carolina	$40	Average Healthy	Information Technology
https://allreview.ca/	15	1.3K	Florida	$100	Fine Suspicious	Uncategorized
				$250		
famousparenting.com	29	26K	Michigan	$200	Good Suspicious	Education
drhomey.com	25	4.9K	California	$160	Good Suspicious	Uncategorized
betterthisworld.com	56	18K	California	$200	Good Suspicious	Finance
http://thehometrotters.com	24	25.5K	California	$135	High traffic to backlink ratio Suspicious	Plastics & Polymers
famousparenting.com	29	26K	Michigan	$200	Good Suspicious	Education
https://pushyourdesign.com/	23	7.9K	California	$200	Good Suspicious	Construction & Maintenance
pushyourdesign.com	23	7.9K	California	$200	Good Suspicious	Construction & Maintenance
https://socialbizmagazine.com/	26	6.1K	California	$130	Good Suspicious	Uncategorized
lookwhatmomfound.com	66	43.6K	Illinois	$180	Very Good Dangerous	Customer Services
rapidhomedirect.com	22	6.4K	California	$130	Average Dangerous	Uncategorized
lyncconf.com				$360		
babesproduct.com		30.4K Germany		$216		
turbogeek.org				$216		
lotterygamedevelopers.com				$336		
multi-user.net		1.1K NL		$216		
playmyworld.com				$276		
wizzydigital.org				$216	Dangerous	
freeworlder.org				$216	Fabricated domain Suspicious	
hongoctan.com				$192		
plugboxlinux.org				$228		
interworldradio.net				$192	Fabricated domain	
bigboxratio.com				$276		Uncategorized
mintonsharlem.com				$216	low AS	
i-movement.org				$168	Suspicious	
ck2generator.com				$180		
coverselectorshop.com				$204		
21strongfoundation.org				$192	Fabricated domain	
masterrealtysolutions.com				$228		Uncategorized
adventuretwo.net				$228		
alternativeway.net				$240		
fintechasia.net				$240		
mygamerank.com				$156		
theportablegamer.com				$252		
goodnever.com				$216	Fabricated domain Suspicious	
formotorbikes.com				$216		
innewstoday.net				$204	Suspicious	
cowded.com				$192		
geekforcenetwork.com				$216		
embedtree.com				$180		
techgroup21.com				$192		
square-central.com				$180		
gamerawr.com				$180		
filmjila.com				$180		
vietnamreview.net				$240		
trychitter.com				$204	Suspicious	
treeleftbigshop.com				$228	Suspicious	
av19org.net				$252	Suspicious	
sentback.org	19	13.7K	California	$204	Good Reputable	Mass Media
simcookie.com	37	12.9K	California	$240	Good Moderate	Mass Media
greenheal.net	25	13.9K	Michigan	$252	Good Moderate	Wellness
programgeeks.net	31	9.5K	California	$144	Good Healthy	Advertising & Marketing
silicon-insider.com	57	8.3K	California	$240	Good Healthy	Computer Software & Development
wavetechglobal.com	30	5.2K	California	$216	Good Healthy	Computer Software & Development
premiumjoy.com	31	6.1K	California	$228	Good Healthy	Retail
undergrowthgames.com				$252		
techidemics.com				$192	dangerous	
harmonicode.com				$240		
goldengoalpress.com				$204		
pocketmemories.net				$168		uncategorized
txepc.org				$204		
spearstate.com				$252		
leaguechannellife.com				$240		
lotsofpower.net				$180		uncategorized
artsusshop.com				$204	suspoicious	
ordersbellabeat.com				$228		
conversationswithstephanie.com				$204		
rarefiedtech.com				$192		
formulagross.com				$228		
fallofmodernism.org				$228		
swipesparkleus.com				$252		
ccafs.net				$180		
comfortglobalhealth.com				$192		
phonedeck.net				$192		
conversationswithrina.com				$216		
eyexcon.com				$228		
thewritetrackpodcast.com				$192		
researchwebshelf.com				$168		
faspe.info				$192		
scannerpackage.com				$144		
xannytech.net				$204		
ytstudioyoutube.com				$216		
squirtgunstudios.com				$216		
grosswheel.com				$180		
americanlivewire.com				$204		
atsugiham.net				$180		
tatasec.org				$216		
manipedirecords.com				$156		
alwaysthis.com				$216		
hayaudio.com				$240		
fumbleboard.com				$192		
agendacover.com				$192		
thegamearchives.com				$276		
GFXMaker.com				$252		
javaobjects.net				$204		
techandgamedaze.com				$192		
styledfresh.com				$216		
defstartup.org				$192		
jilicitycityjili.com				$204		
marry-marry.com				$204		
onthisveryspot.com				$240		
android-underground.org				$216		
damnnngirl.com				$240		
we-are-dust.com				$216		
deckodance.com				$276		
skillsclone.com				$168		
ownersicon.com				$228		
ubetteme.com				$300		
giddygeese.com				$204		
lensesback.com				$192		
gardenrooted.com				$240		
another-site.com				$204		
eliteendure.com				$216		
evanita.net				$192		
tech-bliss.com				$216		
cadeaukaartbol.com				$204		
uptempomag.com				$192		
themecolon.net				$192		
ckihe.com				$192		
touristatrek.com				$216		
bloomstonehome.com				$192		
forzagold.com				$228		
people-friendlyplaces.org				$192		
thegossipwire.com				$156		
allcrazy.net				$192		
desertadvocate.org				$180		
bytesize-games.com				$192		
areatsunami.com				$204		
conversationswithheather.com				$156		
bloomingdwelling.com				$204		
gamingvoyage.com				$216		
place-project.org				$192		
thatswhatsgoodmedia.com				$204		
theinfluenceofteachers.com				$216		
conversationswithamber.com				$192		
diyworld4life.com				$216		
conversationswithjessica.com				$216		
b2btechsolutions.com				$180		
movieda2023.com				$180		
bottlecrunch.com				$204		
creativegaming.net				$180		
lillotnyc.com				$192		
swindletrilogy.com				$168		
gizmocombo.com				$228		
odysseystoryshop.com				$192		
schoolclimatelearning.com				$192		
limitenhancement.com				$216		
keepmore.net				$192		
dreamwithjeff.com				$216		
wicked-gaming.com				$180		
mommyempower.com				$216		
fortunebulletin.com				$204		
denemebonusuverensiteleryerliarama.org				$192		
elitegroupsalonspa.com				$228		
daysaver.net				$180		
conversationswithbrittany.com				$228		
triadscreen.com				$240		
jun88game.org				$204		
freedomforandroid.com				$228		
californiaforeclosurefighters.com				$168		
solana-summer.com				$240		
minpakutoushi-journal.com				$180		
mulemotherbooks.com				$192		
herbandbloomgarden.com				$216		
napafreerangebeef.com				$204		
gamedaychamp.com				$192		
auteluav.com				$192		
kjabczenski.com				$216		
soccermomworld.com				$216		
kingswayprimary.com				$180		
oakreative.com				$204		
celebrityless.com				$216		
playbattlemasters.net				$192		
naturalhavenhome.com				$192		
sweedishlove.com				$204		
smartindustrysk.com				$180		
flourishinggardenpath.com				$216		
safetyproductsmfg.com				$216		
prosportstrack.com				$192		
travel-theworld.com				$216		
bddqwy.com				$192		
styleonhigh.com				$204		
scarletrosefree.com				$216		
pinehollowridge.com				$192		
gamerarenapro.com				$168		
pixelborn.net				$204		
khatrimazaorg.com				$216		
esportsrivalry.net				$168		
getwildfulness.com				$204		
independentviewers.com				$216		
rainy75.com				$216		
memoirsofageek.com				$216		
blossomhavenhome.com				$192		
networthascend.com				$168		
naturerootsplace.com				$192		
heidestrasse.com				$180		
lilahanne.net				$168		
retroplaygroundzone.com				$204		
eliteesportsarena.net				$168		
mustardseedyear.com				$168		
3d496.com				$168		
banlarbhumi.com				$240		
pizzlemusic.com				$204		
strongerwiththyme.com				$192		
nicolelmichel.com				$204		
hustle-tech.com				$204		
victoryesportshub.com				$204		
globalnewsupdate.net				$216		
abundantbroth.com				$192		
inspiredtosave.com				$180		
redlohhousefabrics.com				$192		
lurevibe.net				$204		
newsstreamtracker.com				$204		
playmastersclub.net				$192		
fudbollibre.com				$228		
urbanherbgarden.com				$180		
gameproedge.net				$180		
boundlessscreen.com				$144		
herbflourishhome.com				$156		
mistygardenview.com				$156		
masimoduti.com				$192		
pimantle.net				$216		
currentaffairsupdate.net				$204		
verdantgardencottage.com				$204		
truedee.net				$228		
manpuku-shop.com				$156		
great-expectations.net				$204		
sanhodn.com				$168		
nusyaro.com				$180		
talk2leeloo.com				$228		
iwilldominate.net				$204		
pokedata.net				$168		
playarcadewars.com				$204		
soopydrumschool.com				$216		
oivotech.com				$216		
biztechsystem.com				$204		
reality-movement.org				$216		
adobeshowcase.com				$240		
cari-data.com				$204		
banhtrangcankiem.com				$180		
metacarevr.com				$204		
sugarylove.net				$192		
buydomainspremium.com				$180		
mpgproworkstation.com				$180		
wpmit.com				$192		
mit-education.com				$192		
duc-duong.com				$180		
waikiddigital.com				$180		
queenslot800.com				$216		
teskeys.net				$180		
jacobainley.com				$180		
50track.com				$204		
shrocks.net				$204		
lapdatcamerataigialai.com				$204		
						
adamarchives.com				$252	Suspicious	
exposmall.com				$252		Uncategorized
agendacoverlife.com				$180	Average Dangerous	Uncategorized
baronmag.ca		363		430		
grosssound.com				$276		
arcade-infinity.com				$192		
wandereater.com		228		330		
bestoftoronto.net		180		430		
casiestewart.com		75		560		
dailyhawker.com		0		560	Lack organic traffic	Adult
divine.ca	49	597	California	560	Good Moderate	Entertainment
torontomike.com	44	4.7K	California	560	Good Reputable	Mass Media
viewthevibe.com	51	2.1K	Texas	560	Good Reputable	Mass Media
gentspost.com	25	11.6K	Texas	330	Good Reputable	Mass Media
montrealguardian.com	27	1.3K	California	330	Good Healthy	Social & Charitable Organizations
calgaryguardian.com	34	2.6K	California	430	Good Healthy	Publishing
auburnlane.com	33	1.4K	Iowa	430	Average Reputable	Mass Media
baronmag.com	42	1.9K	California	560	Good Healthy	Entertainment
torontoguardian.com	44	16.6K	California	560	Good Healthy	Publishing
psychreg.org	54	3K	England	45	Very Good Healthy	Mental Health
gailvoice.com	17	22.6K	North Carolina	35	High traffic to backlink ratio Healthy	Oil & Gas
ameisenhardt.com	26	29.1K	North Carolina	30	High traffic to backlink ratio Healthy	Education
wnynewsnow.com	37	3K	California	35	Good Reputable	Mass Media
downbeach.com	29	4.7K	California	35	Average Healthy	Newspaper
geeksaroundglobe.com	62	3.7K	California	115	Good Healthy	Food & Beverages
coruzant.com	55	316K	California	100	Very Good Reputable	Information Technology
mywowhealth.com	23	2.2K	Missouri	65	Good Healthy	Healthcare
entrepreneursbreak.com	55	7.8K	California	30	Good Healthy	Computer Software & Development
shkoh.com	44	11.9K	Netherlands	25	Good Healthy	Jewelry & Luxury Products
greenecodream.com	46	10.4K	North Carolina	65	Good Reputable	Retail
lakelandcurrents.com	29	1.7K	Virginia	55	Fine Healthy	Newspapers
rawmags.com	17	62.2K	California	35	High traffic to backlink ratio Healthy	Mass Media
hudsonfarmhouse.com	40	2.6K	Missouri	60	Very Good Healthy	Design
managementworksmedia.com	44	106K	California	35	High traffic to backlink ratio Healthy	Construction & Maintenance
howeyindustries.com	28	6.5K	North Carolina	35	Fine Reputable	Automotive
mybeautifuladventures.com	35	2.5K	California	25	Good Healthy	Retail
